title,title_url,title1,price,star,review,details,adult_info
スーパーホテルPremier東京駅八重洲中央口　高濃度炭酸泉,https://www.jalan.net/uw/uwp3000/uww3001.do?stayYear=2025&stayMonth=7&stayDay=13&stayCount=1&roomCount=1&adultNum=1&rootCd=081&distCd=02&roomCrack=100000&screenId=UWW1402&yadNo=379411&callbackHistFlg=1,お陰様でJ.D.パワー宿泊客満足度10年連続＆JCSI顧客満足度No.1受賞,13300,4.5,4451,東京駅から徒歩3分！東京駅前にありながら、大浴場“八重桜の湯”では2種類の浴槽「高濃度人工炭酸泉」と「健康イオン水泉」をお楽しみ頂けます。【おもてなし規格 紫認証ホテル（経済産業省）】,大人1名(税込)
スーパーホテル東京赤羽駅南口 高濃度炭酸泉東京都北区赤羽の湯,https://www.jalan.net/uw/uwp3000/uww3001.do?stayYear=2025&stayMonth=7&stayDay=13&stayCount=1&roomCount=1&adultNum=1&rootCd=081&distCd=02&roomCrack=100000&screenId=UWW1402&yadNo=399570&callbackHistFlg=1,大宮・上野・池袋・新宿・東京など各方面へアクセス抜群です！,7030,4.5,642,各メディアでも数々取り上げられている東京都北区赤羽の魅力を最大限に発信できるよう、近隣飲食店コラボ企画やウェルカムバーなどを企画中！,大人1名(税込)
明神の湯　ドーミーインＰＲＥＭＩＵＭ神田,https://www.jalan.net/uw/uwp3000/uww3001.do?stayYear=2025&stayMonth=7&stayDay=13&stayCount=1&roomCount=1&adultNum=1&rootCd=081&distCd=02&roomCrack=100000&screenId=UWW1402&yadNo=377788&callbackHistFlg=1,ドーミーインPREMIUM神田◇銀座線神田駅6番出口より徒歩1分！◇,12500,4.5,30,最上階にサウナ付男女別超軟水大浴場 館内喫煙ブース完備 徒歩5分圏内で6駅8路線乗入れ可能,大人1名(税込)
ダイワロイネットホテル東京京橋 PREMIER,https://www.jalan.net/uw/uwp3000/uww3001.do?stayYear=2025&stayMonth=7&stayDay=13&stayCount=1&roomCount=1&adultNum=1&rootCd=081&distCd=02&roomCrack=100000&screenId=UWW1402&yadNo=370598&callbackHistFlg=1,「京橋駅」より徒歩約1分。「東京駅」徒歩圏内。東京旅の拠点に！,14700,4.4,37,東京メトロ「京橋駅」より徒歩約1分。銀座・日本橋のメインストリートに面した好立地。「東京駅」は徒歩圏内の魅力的なロケーション。1階に「コンビニ」があり便利。バス・トイレ別。観光・ビジネスの拠点に,大人1名(税込)
ホテルメトロポリタン丸の内,https://www.jalan.net/uw/uwp3000/uww3001.do?stayYear=2025&stayMonth=7&stayDay=13&stayCount=1&roomCount=1&adultNum=1&rootCd=081&distCd=02&roomCrack=100000&screenId=UWW1402&yadNo=303873&callbackHistFlg=1,JR東京駅日本橋口直結　東京駅上空で上質なホテルステイを,25560,4.5,2578,贅沢なロケーションの“天空ホテル”。静かな安らぎ空間でゆったりとお寛ぎください。,大人1名(税込)
ホテルかずさや,https://www.jalan.net/uw/uwp3000/uww3001.do?stayYear=2025&stayMonth=7&stayDay=13&stayCount=1&roomCount=1&adultNum=1&rootCd=081&distCd=02&roomCrack=100000&screenId=UWW1402&yadNo=361698&callbackHistFlg=1,期間限定クーポン有！大浴場付★朝食口コミ4.6！日本橋老舗ホテル,16190,4.5,44,和モダンな大浴場や江戸の粋を感じられる色を使用したお部屋 朝食口コミ4.6！素材にこだわった自慢の和定食 JR新日本橋駅～徒歩1分！神田駅/三越前駅/小伝馬町駅～徒歩5分とアクセスも抜群！！,大人1名(税込)
アパホテル〈神田駅東〉（2025年2月客室設備リニューアル）,https://www.jalan.net/uw/uwp3000/uww3001.do?stayYear=2025&stayMonth=7&stayDay=13&stayCount=1&roomCount=1&adultNum=1&rootCd=081&distCd=02&roomCrack=100000&screenId=UWW1402&yadNo=391408&callbackHistFlg=1,東京・秋葉原まで1駅！日本武道館、東京ドームにも好アクセス！,5600,4.0,980,【 全室禁煙 】JR「神田駅」東口から徒歩7分。さらに都営新宿線「岩本町駅」、東京メトロ日比谷線「小伝馬町駅」、JR総武本線「新日本橋駅」が徒歩圏内の好立地！コンビニまで徒歩30秒！,大人1名(税込)
ホテル八重の翠東京,https://www.jalan.net/uw/uwp3000/uww3001.do?stayYear=2025&stayMonth=7&stayDay=13&stayCount=1&roomCount=1&adultNum=1&rootCd=081&distCd=02&roomCrack=100000&screenId=UWW1402&yadNo=397215&callbackHistFlg=1,東京駅から徒歩10分！！　東京観光やディズニーリゾートに最適！！,13500,4.3,264,【東京観光に便利な立地！記念日やライブ・イベントの推し活にも◎】 東京ディズニーリゾートやスカイツリーなど、観光で行きたい所まで電車で20分圏内！チェックアウト後の荷物のお預かりもＯＫ(当日内),大人1名(税込)
東京ステーションホテル,https://www.jalan.net/uw/uwp3000/uww3001.do?stayYear=2025&stayMonth=7&stayDay=13&stayCount=1&roomCount=1&adultNum=1&rootCd=081&distCd=02&roomCrack=100000&screenId=UWW1402&yadNo=387456&callbackHistFlg=1,【JR東京駅丸の内南口直結】東京駅のクラシックホテル,63938,4.7,860,国指定重要文化財である歴史的建造物やかつての文豪が愛したStoryなど大正の時代からのアカデミックな伝統が息づく場所でありながら、現代のホテルに求められる機能性も満たす、洗練されたOMOTENASHI。,大人1名(税込)
hotel MONday 東京西葛西,https://www.jalan.net/uw/uwp3000/uww3001.do?stayYear=2025&stayMonth=7&stayDay=13&stayCount=1&roomCount=1&adultNum=1&rootCd=081&distCd=02&roomCrack=100000&screenId=UWW1402&yadNo=379405&callbackHistFlg=1,★TDR行バス毎日運行中★駅近★西葛西駅徒歩1分,6300,4.7,180,駅近☆東西線西葛西駅徒歩1分！☆家族や友達で便利なコネクティングルーム有◎シングル・カップル利用も大歓迎◎★舞浜⇔ホテル無料バスは毎日運行中★朝食ビュッフェも大人気♪,大人1名(税込)
ホテルＳＵＩ神田　ｂｙ　ＡＢＥＳＴ,https://www.jalan.net/uw/uwp3000/uww3001.do?stayYear=2025&stayMonth=7&stayDay=13&stayCount=1&roomCount=1&adultNum=1&rootCd=081&distCd=02&roomCrack=100000&screenId=UWW1402&yadNo=306054&callbackHistFlg=1,クチコミ4.0以上★お客様の滞在に寄り添うサービス満載ホテル♪,9000,4.0,576,東京駅から1駅★神田駅徒歩４分！ ★フリーアルコールサービス＆冷やし蕎麦無料(時間制)★コンビニ徒歩1分★話題のミラブルシャワー★コーヒーマシン★全空気清浄機★種類豊富な無料アメニティバー★,大人1名(税込)
秋葉原ワシントンホテル,https://www.jalan.net/uw/uwp3000/uww3001.do?stayYear=2025&stayMonth=7&stayDay=13&stayCount=1&roomCount=1&adultNum=1&rootCd=081&distCd=02&roomCrack=100000&screenId=UWW1402&yadNo=332677&callbackHistFlg=1,秋葉原駅徒歩1分の好立地！【クーポン配布中】口コミ総合4以上！,13400,4.6,2112,■秋葉原駅中央改札口より徒歩１分■ シンプルで機能的なお部屋から秋葉原唯一の鉄道ルームも1室限定でご用意しております。 ご好評頂いているホテル自慢のこだわりの朝食も是非ご賞味下さい。,大人1名(税込)
京王プレッソイン大手町,https://www.jalan.net/uw/uwp3000/uww3001.do?stayYear=2025&stayMonth=7&stayDay=13&stayCount=1&roomCount=1&adultNum=1&rootCd=081&distCd=02&roomCrack=100000&screenId=UWW1402&yadNo=386551&callbackHistFlg=1,東海道・山陽新幹線のりばに近い＜東京駅日本橋口＞から徒歩7分,8474,4.0,3236,★JR東日本の新幹線や在来線の行き来を一望出来る！さらに夜景も楽しめる！東京ステーションビュープラン好評発売中★朝食リニューアル！大手町店限定オリジナル♪ライブキッチンで調理する朝ラーメンが登場,大人1名(税込)
丸ノ内ホテル,https://www.jalan.net/uw/uwp3000/uww3001.do?stayYear=2025&stayMonth=7&stayDay=13&stayCount=1&roomCount=1&adultNum=1&rootCd=081&distCd=02&roomCrack=100000&screenId=UWW1402&yadNo=311347&callbackHistFlg=1,「世界のお客様へ わが家のおもてなしを」,39215,4.9,493,1924年開業、2004年に東京駅丸の内北口からすぐの現在の地に移転開業した丸ノ内ホテルは、2024年10月に開業100周年・移転開業20周年を迎えました。 これからもここ東京・丸の内で皆様をお迎えいたします。,大人1名(税込)
京王プレッソイン神田,https://www.jalan.net/uw/uwp3000/uww3001.do?stayYear=2025&stayMonth=7&stayDay=13&stayCount=1&roomCount=1&adultNum=1&rootCd=081&distCd=02&roomCrack=100000&screenId=UWW1402&yadNo=314898&callbackHistFlg=1,東京駅から１駅2分♪秋葉原へは徒歩圏内♪東京観光＆ビジネスに◎,8018,4.1,2000,"☆漫画コーナー2,000冊読み放題☆東京駅より1駅★秋葉原も徒歩圏内！都内観光にも便利な立地です！無料Wi-Fi・加湿空気清浄機付",大人1名(税込)
京王プレッソイン東京九段下,https://www.jalan.net/uw/uwp3000/uww3001.do?stayYear=2025&stayMonth=7&stayDay=13&stayCount=1&roomCount=1&adultNum=1&rootCd=081&distCd=02&roomCrack=100000&screenId=UWW1402&yadNo=396660&callbackHistFlg=1,口コミ接客4.5★武道館や東京ドームにアクセス◎朝食リニューアル,8018,4.2,1628,新宿、渋谷までも乗り換えなしで便利♪セミダブルルームには、美容ブランドReFa（リファ）のシャワーヘッド「ReFa FINEBUBBLE S（リファ ファインバブルS）」を設置！,大人1名(税込)
アパホテル〈神田神保町駅東〉,https://www.jalan.net/uw/uwp3000/uww3001.do?stayYear=2025&stayMonth=7&stayDay=13&stayCount=1&roomCount=1&adultNum=1&rootCd=081&distCd=02&roomCrack=100000&screenId=UWW1402&yadNo=319942&callbackHistFlg=1,全館禁煙◎東京駅から2駅3分！東京ドーム・日本武道館も徒歩圏内！,5510,4.0,527,東京ドーム、日本武道館、秋葉原、大手町は徒歩圏内！東京駅からは2駅3分！ 6駅8路線が徒歩圏内！新宿、渋谷、池袋も乗り換えなし！ 周辺には神田古書店街・スポーツ用品街がある落ち着いたエリア,大人1名(税込)
住庄ほてる,https://www.jalan.net/uw/uwp3000/uww3001.do?stayYear=2025&stayMonth=7&stayDay=13&stayCount=1&roomCount=1&adultNum=1&rootCd=081&distCd=02&roomCrack=100000&screenId=UWW1402&yadNo=323790&callbackHistFlg=1,地下鉄人形町～徒歩3分「和」テイスト＆大浴場で心なごむホテル,5390,4.2,165,地下鉄浅草線・日比谷線人形町駅～徒歩3分の好立地！ホテル形式でありながらゆかしい宿の佇まいを感じられる。大浴場は24時まで営業。仕事の疲れをゆったり癒せる女性にも嬉しいホテル。全室バス･トイレ付,大人1名(税込)
ＪＲ西日本グループ 　ヴィアイン秋葉原,https://www.jalan.net/uw/uwp3000/uww3001.do?stayYear=2025&stayMonth=7&stayDay=13&stayCount=1&roomCount=1&adultNum=1&rootCd=081&distCd=02&roomCrack=100000&screenId=UWW1402&yadNo=360307&callbackHistFlg=1,JR「秋葉原」駅徒歩4分、都営地下鉄「岩本町」駅徒歩3分の好立地！,7700,4.0,3941,◆山手線沿線でアクセス便利◆東京駅からわずか2駅 新宿まで乗換えなし20分◇全館Wi-Fi完備！コンパクトながらも開放感のあるお風呂と高層階客室から見える景色が人気の秘密,大人1名(税込)
東急ステイ水道橋,https://www.jalan.net/uw/uwp3000/uww3001.do?stayYear=2025&stayMonth=7&stayDay=13&stayCount=1&roomCount=1&adultNum=1&rootCd=081&distCd=02&roomCrack=100000&screenId=UWW1402&yadNo=303415&callbackHistFlg=1,水道橋駅は徒歩3分＆東京ドームは徒歩7分　～全室洗濯乾燥機付き～,11020,4.3,2084,JR総武線「水道橋」駅より徒歩3分＆東京ドームへも徒歩7分と抜群のロケーション！全室完備の洗濯乾燥機＆電子レンジに加え、ミニキッチンを備えた客室もあるため中長期滞在でも快適にお過ごしいただけます。,大人1名(税込)
ホテル龍名館東京,https://www.jalan.net/uw/uwp3000/uww3001.do?stayYear=2025&stayMonth=7&stayDay=13&stayCount=1&roomCount=1&adultNum=1&rootCd=081&distCd=02&roomCrack=100000&screenId=UWW1402&yadNo=335356&callbackHistFlg=1,★朝食高評価★東京駅八重洲北口から徒歩3分のホテル龍名館東京,26000,4.6,1015,東京駅八重洲北口より徒歩3分。 旅館時代からの雰囲気を残し折々の風物を感じる、伝統を大切にしています。 駅前に位置しながらもお寛ぎいただける街の旅館を感じるホテルです。,大人1名(税込)
サイプレスイン東京,https://www.jalan.net/uw/uwp3000/uww3001.do?stayYear=2025&stayMonth=7&stayDay=13&stayCount=1&roomCount=1&adultNum=1&rootCd=081&distCd=02&roomCrack=100000&screenId=UWW1402&yadNo=360845&callbackHistFlg=1,東京駅・秋葉原駅まで13分！アクセス良好　洗練された室内空間へ！,6000,4.4,243,東京駅・秋葉原駅まで13分！新小岩駅から徒歩1分の好立地。都心へのアクセス良好！目の前はコンビニやスーパーで利便性抜群。,大人1名(税込)
ＫＫＲホテル東京（国家公務員共済組合連合会東京共済会館）,https://www.jalan.net/uw/uwp3000/uww3001.do?stayYear=2025&stayMonth=7&stayDay=13&stayCount=1&roomCount=1&adultNum=1&rootCd=081&distCd=02&roomCrack=100000&screenId=UWW1402&yadNo=305158&callbackHistFlg=1,東京駅より車で約5分。東西線竹橋駅直結。皇居のお堀に佇むホテル,14400,4.6,926,四季折々、至高のくつろぎをお届けする絶好のロケーション。,大人1名(税込)
アパホテル〈銀座 宝町〉,https://www.jalan.net/uw/uwp3000/uww3001.do?stayYear=2025&stayMonth=7&stayDay=13&stayCount=1&roomCount=1&adultNum=1&rootCd=081&distCd=02&roomCrack=100000&screenId=UWW1402&yadNo=301277&callbackHistFlg=1,全108室!東京・銀座・日本橋　主要3エリアへもアクセス良好!,6100,4.0,302,浅草線「宝町駅」A1出口徒歩1分、東京駅八重洲南口から徒歩12分！銀座線「京橋駅」1番出口徒歩4分！ 羽田空港は乗換なし40分！ビジネスはもちろん観光の拠点として最適のホテル☆,大人1名(税込)
コンフォートホテル東京神田,https://www.jalan.net/uw/uwp3000/uww3001.do?stayYear=2025&stayMonth=7&stayDay=13&stayCount=1&roomCount=1&adultNum=1&rootCd=081&distCd=02&roomCrack=100000&screenId=UWW1402&yadNo=377665&callbackHistFlg=1,ＪＲ神田駅東口徒歩4分◆地下鉄岩本町駅A1出口徒歩3分,8200,4.2,2117,朝食ビュッフェ無料！期間限定メニューやこだわりのスムージーなど多彩なメニュー◆小学6年生まで添い寝無料◆フリードリンク有、仕事にも最適なライブラリーカフェ！チェックイン前アウト後も利用可,大人1名(税込)
レム東京京橋,https://www.jalan.net/uw/uwp3000/uww3001.do?stayYear=2025&stayMonth=7&stayDay=13&stayCount=1&roomCount=1&adultNum=1&rootCd=081&distCd=02&roomCrack=100000&screenId=UWW1402&yadNo=346819&callbackHistFlg=1,「東京駅」八重洲南口徒歩7分 銀座線「京橋駅」入口 ホテル玄関前,17000,4.3,32,「東京駅」八重洲南口 京葉線地下八重洲口 徒歩7分/銀座線「京橋駅」入口はホテル玄関前。銀座線で都内主要スポットへアクセス抜群！渋谷 表参道 浅草 上野 は乗換なし/東京ドーム 日本武道館は乗換1回,大人1名(税込)
豪華カプセルホテル　安心お宿　秋葉原店,https://www.jalan.net/uw/uwp3000/uww3001.do?stayYear=2025&stayMonth=7&stayDay=13&stayCount=1&roomCount=1&adultNum=1&rootCd=081&distCd=02&roomCrack=100000&screenId=UWW1402&yadNo=386755&callbackHistFlg=1,大浴場とサウナと無料盛り沢山のよくばりなホテル♪,5080,3.9,476,電気街口から徒歩120秒！ 大浴場とサウナのよくばりホテル♪ お酒・ラーメン・カレー・アメニティも全部無料,大人1名(税込)
グランドセントラルホテル,https://www.jalan.net/uw/uwp3000/uww3001.do?stayYear=2025&stayMonth=7&stayDay=13&stayCount=1&roomCount=1&adultNum=1&rootCd=081&distCd=02&roomCrack=100000&screenId=UWW1402&yadNo=323236&callbackHistFlg=1,都内どこへ行くにもアクセス◎。JR・銀座線神田駅より徒歩3分。,8100,4.0,58,東京駅から１駅。秋葉原や大手町も徒歩圏内。全室バス・シャワートイレ付。Wi-Fi完備。コンビニ至近。嬉しい１１時チェックアウト。未就学児は添寝無料。,大人1名(税込)
トーセイホテルココネ神田,https://www.jalan.net/uw/uwp3000/uww3001.do?stayYear=2025&stayMonth=7&stayDay=13&stayCount=1&roomCount=1&adultNum=1&rootCd=081&distCd=02&roomCrack=100000&screenId=UWW1402&yadNo=339342&callbackHistFlg=1,神田駅より徒歩3分(東京駅から1駅)　フリードリンク・漫画読み放題,7805,4.0,33,厳選豆挽きたてコーヒー・ココア・紅茶飲み放題！ 漫画1000冊読み放題♪ 入浴剤無料♪,大人1名(税込)
Ｊホテル東京ジオ,https://www.jalan.net/uw/uwp3000/uww3001.do?stayYear=2025&stayMonth=7&stayDay=13&stayCount=1&roomCount=1&adultNum=1&rootCd=081&distCd=02&roomCrack=100000&screenId=UWW1402&yadNo=357898&callbackHistFlg=1,全室大型プロジェクターが魅力♪東京駅徒歩6分の好立地♪,14960,4.2,239,全室大型プロジェクターが魅力♪東京駅徒歩6分の好立地♪,大人1名(税込)
アパホテル〈銀座 京橋〉,https://www.jalan.net/uw/uwp3000/uww3001.do?stayYear=2025&stayMonth=7&stayDay=13&stayCount=1&roomCount=1&adultNum=1&rootCd=081&distCd=02&roomCrack=100000&screenId=UWW1402&yadNo=358755&callbackHistFlg=1,東京駅に一番近いアパホテル。銀座ゼロ丁目　「京橋」駅前。,6700,3.8,190,「東京駅」に一番近いアパホテル。東京メトロ銀座線「京橋駅」徒歩2分。JR「東京駅」（八重洲南口）徒歩10分、JR有楽町駅徒歩約10分。都営浅草線「宝町駅」徒歩約1分。上野・新橋・渋谷に乗換えなし♪,大人1名(税込)
庭のホテル　東京,https://www.jalan.net/uw/uwp3000/uww3001.do?stayYear=2025&stayMonth=7&stayDay=13&stayCount=1&roomCount=1&adultNum=1&rootCd=081&distCd=02&roomCrack=100000&screenId=UWW1402&yadNo=340076&callbackHistFlg=1,2022年3月25日リニューアルオープン,23100,4.5,1892,コンセプトは、贅沢さよりも上質さにこだわった「美しい和のホテル」。 心をこめたサービスで心地よい滞在をサポートします。,大人1名(税込)
ホテルサードニクス東京,https://www.jalan.net/uw/uwp3000/uww3001.do?stayYear=2025&stayMonth=7&stayDay=13&stayCount=1&roomCount=1&adultNum=1&rootCd=081&distCd=02&roomCrack=100000&screenId=UWW1402&yadNo=311518&callbackHistFlg=1,【クチコミ評価4.5】全室２４平米以上で広々♪立地も抜群☆,15010,4.3,3937,全室24㎡以上のゆとりの空間、ベッドはサータ社製140cm以上でお子様の添い寝も快適！ディズニー、銀座、都内各所へ好アクセス！日比谷線八丁堀駅目の前、東京駅よりタクシーワンメーター！,大人1名(税込)
オリンピックイン神田,https://www.jalan.net/uw/uwp3000/uww3001.do?stayYear=2025&stayMonth=7&stayDay=13&stayCount=1&roomCount=1&adultNum=1&rootCd=081&distCd=02&roomCrack=100000&screenId=UWW1402&yadNo=379016&callbackHistFlg=1,シングルからフォースまで多様な部屋タイプをご用意。,5400,4.0,2549,閲覧して頂き、誠にありがとうございます。,大人1名(税込)
ベルケンホテル・神田,https://www.jalan.net/uw/uwp3000/uww3001.do?stayYear=2025&stayMonth=7&stayDay=13&stayCount=1&roomCount=1&adultNum=1&rootCd=081&distCd=02&roomCrack=100000&screenId=UWW1402&yadNo=339708&callbackHistFlg=1,全室除菌スプレー完備★便利な地下鉄・淡路町駅から徒歩1分♪♪♪,7900,4.3,229,東京、銀座、神田、御茶ノ水駅とアクセス抜群！ 地下鉄丸ノ内線「淡路町駅」A2出口から徒歩1分、JR「神田駅」北口・JR「秋葉原駅」電気街口から徒歩7分♪,大人1名(税込)
センターホテル東京,https://www.jalan.net/uw/uwp3000/uww3001.do?stayYear=2025&stayMonth=7&stayDay=13&stayCount=1&roomCount=1&adultNum=1&rootCd=081&distCd=02&roomCrack=100000&screenId=UWW1402&yadNo=307547&callbackHistFlg=1,東京駅から徒歩約10分◇1階にコンビニあり◇全館禁煙,5700,3.9,31,東京駅八重洲北口より徒歩約10分。銀座・六本木・恵比寿・渋谷へも地下鉄１本。 1階ロビーよりコンビニ直結(営業時間7：00～23：00),大人1名(税込)
三井ガーデンホテル京橋,https://www.jalan.net/uw/uwp3000/uww3001.do?stayYear=2025&stayMonth=7&stayDay=13&stayCount=1&roomCount=1&adultNum=1&rootCd=081&distCd=02&roomCrack=100000&screenId=UWW1402&yadNo=369008&callbackHistFlg=1,◆クチコミ総合4.5◆　東京駅より徒歩5分、京橋駅より徒歩2分。,21500,4.2,15,デザインコンセプトは“江戸の粋”を現代に昇華させる「京橋モダン」。“判じ絵”など、遊び心を効かせた江戸庶民の文化を取り入れたデザイン。,大人1名(税込)
ヴィラフォンテーヌ東京神保町｜住友不動産,https://www.jalan.net/uw/uwp3000/uww3001.do?stayYear=2025&stayMonth=7&stayDay=13&stayCount=1&roomCount=1&adultNum=1&rootCd=081&distCd=02&roomCrack=100000&screenId=UWW1402&yadNo=389136&callbackHistFlg=1,神保町駅より徒歩3分◆東京ドーム・武道館のライブ利用に最適♪,9570,4.5,630,神保町駅より徒歩3分◆東京ドーム徒歩約10分／日本武道館徒歩約15分◆5路線3駅利用可能で新宿・東京駅・浅草・お台場などビジネス観光にもおすすめ◆古書店が広がる神保町には、昔ながらの粋なお店も。,大人1名(税込)
ホテル モンテ エルマーナ東京（ホテルモントレグループ）,https://www.jalan.net/uw/uwp3000/uww3001.do?stayYear=2025&stayMonth=7&stayDay=13&stayCount=1&roomCount=1&adultNum=1&rootCd=081&distCd=02&roomCrack=100000&screenId=UWW1402&yadNo=356942&callbackHistFlg=1,2022年7月グランドオープン。東京駅八重洲出口より徒歩3分,22000,4.1,97,ＪＲ東京駅より徒歩３分！客室には、４３インチのスマートＴＶを導入しており、美しい高画質４Ｋ映像をお楽しみ頂ける他、キャスト機能を使って、ご自身のコンテンツを映し出すなど、快適なご滞在をお約束。,大人1名(税込)
ヴィラフォンテーヌ東京九段下｜住友不動産,https://www.jalan.net/uw/uwp3000/uww3001.do?stayYear=2025&stayMonth=7&stayDay=13&stayCount=1&roomCount=1&adultNum=1&rootCd=081&distCd=02&roomCrack=100000&screenId=UWW1402&yadNo=362924&callbackHistFlg=1,九段下駅徒歩8分。神保町駅徒歩3分。客室リニューアル完了♪,8570,4.2,1257,東京ドーム・武道館が徒歩圏内。神保町駅より徒歩3分、九段下駅徒歩8分。イベント・ビジネスに便利。水道橋西通り沿い。古本屋巡り、受験生・学生にもおすすめ。,大人1名(税込)
八重洲ターミナルホテル,https://www.jalan.net/uw/uwp3000/uww3001.do?stayYear=2025&stayMonth=7&stayDay=13&stayCount=1&roomCount=1&adultNum=1&rootCd=081&distCd=02&roomCrack=100000&screenId=UWW1402&yadNo=363798&callbackHistFlg=1,ＪＲ東京駅八重洲北口より徒歩３分。地下鉄日本橋駅より徒歩３分。,9000,3.9,54,ＪＲ東京駅八重洲北口より徒歩３分。地下鉄日本橋駅より徒歩３分。,大人1名(税込)
神田ステーションホテル,https://www.jalan.net/uw/uwp3000/uww3001.do?stayYear=2025&stayMonth=7&stayDay=13&stayCount=1&roomCount=1&adultNum=1&rootCd=081&distCd=02&roomCrack=100000&screenId=UWW1402&yadNo=319063&callbackHistFlg=1,神田駅南口より徒歩１分。気軽に利用できる交通至便なホテル,11500,4.1,15,JR山手線・中央線・地下鉄銀座線・半蔵門線など 都心主要線の神田駅から徒歩5分圏内で、 ビジネス・レジャーの拠点に最適な好立地ホテル。,大人1名(税込)
お茶の水ホテル　昇龍館,https://www.jalan.net/uw/uwp3000/uww3001.do?stayYear=2025&stayMonth=7&stayDay=13&stayCount=1&roomCount=1&adultNum=1&rootCd=081&distCd=02&roomCrack=100000&screenId=UWW1402&yadNo=393600&callbackHistFlg=1,露天風呂付き客室がある東京の隠れ家ホテル【無料朝食・大浴場有】,9900,4.2,663,◆JR、地下鉄5路線の駅まで徒歩5分の好立地 ◆露天風呂付和室、シングル、ツインなど10種類の部屋タイプ ◆地下大浴場（サウナ付） ◆大浴場の混雑状況はQRコードでチェック可 ◆日替わりの無料朝食あり,大人1名(税込)
アパホテル〈秋葉原駅前〉【2025年3月客室設備リニューアル】,https://www.jalan.net/uw/uwp3000/uww3001.do?stayYear=2025&stayMonth=7&stayDay=13&stayCount=1&roomCount=1&adultNum=1&rootCd=081&distCd=02&roomCrack=100000&screenId=UWW1402&yadNo=304438&callbackHistFlg=1,2025年3月客室設備リニューアル！JR秋葉原駅昭和通り口徒歩2分！,6100,3.6,510,全館、全室Wi-Fi接続無料！東京駅・上野駅2駅5分、銀座、築地、有楽町、新橋、浜松町、品川、新宿、池袋各駅すべて乗り換えなし！アクセス抜群!！各所テーマパークへ便利です！,大人1名(税込)
オークウッドプレミア東京,https://www.jalan.net/uw/uwp3000/uww3001.do?stayYear=2025&stayMonth=7&stayDay=13&stayCount=1&roomCount=1&adultNum=1&rootCd=081&distCd=02&roomCrack=100000&screenId=UWW1402&yadNo=370146&callbackHistFlg=1,東京駅に隣接するラグジュアリーなホテル＆サービスアパートメント,80634,,0,東京駅に隣接し、全室にキッチンや洗濯機等を備え『静寂な隠れ家に暮らすように泊まる』が人気の秘密です。東京の真ん中で上質な滞在空間を提供し、スタッフの心温まるおもてなしで皆様をお迎えいたします。,大人1名(税込)
からくさホテルカラーズ東京八重洲,https://www.jalan.net/uw/uwp3000/uww3001.do?stayYear=2025&stayMonth=7&stayDay=13&stayCount=1&roomCount=1&adultNum=1&rootCd=081&distCd=02&roomCrack=100000&screenId=UWW1402&yadNo=333720&callbackHistFlg=1,2023年3月31日、からくさホテルカラーズ東京八重洲がオープン！,20400,4.3,21,新しく生まれ変わる八重洲。ホテル最寄り駅は、新幹線はじめ、主要鉄道網の中核となるJR東京駅。日本最大級のバスターミナルも至近で日本旅行の拠点に最適です。老舗が軒を連ねる日本橋へも徒歩圏内です。,大人1名(税込)
相鉄フレッサイン御茶ノ水神保町,https://www.jalan.net/uw/uwp3000/uww3001.do?stayYear=2025&stayMonth=7&stayDay=13&stayCount=1&roomCount=1&adultNum=1&rootCd=081&distCd=02&roomCrack=100000&screenId=UWW1402&yadNo=333672&callbackHistFlg=1,お得なセール続々登場◆ドームも徒歩圏！！,9000,3.9,589,〇東京メトロ神保町駅より徒歩4分、JR御茶ノ水駅から徒歩8分と好立地♪　〇東京ドームや日本武道館まで１駅♪　〇ヘアアイロン・スチーマー貸出あり♪,大人1名(税込)
ホテルパークアベニュー,https://www.jalan.net/uw/uwp3000/uww3001.do?stayYear=2025&stayMonth=7&stayDay=13&stayCount=1&roomCount=1&adultNum=1&rootCd=081&distCd=02&roomCrack=100000&screenId=UWW1402&yadNo=335024&callbackHistFlg=1,錦糸町駅徒歩5分！トラック駐車場有（2名様以上）※電話予約下さい,8300,3.9,244,【大型駐車場完備】 駐車場　普通車￥1500　トラック￥6000（長さ8メーターまで）要予約※お電話にてお問い合わせください。※トラックは2名様以上でのご予約にて承ります。 ※最終チェックイン24時,大人1名(税込)
パールホテル茅場町,https://www.jalan.net/uw/uwp3000/uww3001.do?stayYear=2025&stayMonth=7&stayDay=13&stayCount=1&roomCount=1&adultNum=1&rootCd=081&distCd=02&roomCrack=100000&screenId=UWW1402&yadNo=386716&callbackHistFlg=1,茅場町駅から徒歩2分、落ち着いた雰囲気のホテルです,8360,3.7,1963,都内アクセス至便 空港行きリムジンバス発着所T-CATへは徒歩7分。 銀座、上野、渋谷、九段下、最寄りの茅場町、水天宮駅を利用すれば、 乗換いらず。 ※現在レストラン ARIOSOのディナー営業休止中。,大人1名(税込)
相鉄フレッサイン東京京橋,https://www.jalan.net/uw/uwp3000/uww3001.do?stayYear=2025&stayMonth=7&stayDay=13&stayCount=1&roomCount=1&adultNum=1&rootCd=081&distCd=02&roomCrack=100000&screenId=UWW1402&yadNo=385151&callbackHistFlg=1,～東京駅から徒歩８分！～地下鉄「京橋」「宝町」駅から徒歩２分♪,11880,3.9,829,☆２０２１年３月８日全客室リニューアル☆コンビニ歩いてスグ！ビジネスや観光に最適♪ご利用シーンに合わせた各種宿泊プランをご用意。 ★キャッシュレス決済限定ホテル ※現金はご利用いただけません★,大人1名(税込)
三井ガーデンホテル大手町,https://www.jalan.net/uw/uwp3000/uww3001.do?stayYear=2025&stayMonth=7&stayDay=13&stayCount=1&roomCount=1&adultNum=1&rootCd=081&distCd=02&roomCrack=100000&screenId=UWW1402&yadNo=352593&callbackHistFlg=1,大手町駅より徒歩約3分、東京駅より徒歩約10分,19600,4.0,364,Urban Oasisをコンセプトにデザインされた木や緑あふれる空間が、上質なやすらぎをお届けします。ご宿泊者専用ラウンジを設けており、コーヒー、紅茶、小菓子をご用意しております。 （15:00～22:00）,大人1名(税込)
ホテルマイステイズ神田,https://www.jalan.net/uw/uwp3000/uww3001.do?stayYear=2025&stayMonth=7&stayDay=13&stayCount=1&roomCount=1&adultNum=1&rootCd=081&distCd=02&roomCrack=100000&screenId=UWW1402&yadNo=315615&callbackHistFlg=1,東京駅から1駅！秋葉原徒歩圏・出張や観光の拠点！神田へようこそ,7100,3.8,8,【JR神田駅から徒歩6分、秋葉原徒歩圏内の好アクセス】神田駅ほか新日本橋駅・岩本町駅など5駅が徒歩圏内！全室Wifi完備。シェービングやスキンケアアメニティもご用意しているので急なご宿泊でも安心★,大人1名(税込)
相鉄フレッサイン神田大手町,https://www.jalan.net/uw/uwp3000/uww3001.do?stayYear=2025&stayMonth=7&stayDay=13&stayCount=1&roomCount=1&adultNum=1&rootCd=081&distCd=02&roomCrack=100000&screenId=UWW1402&yadNo=359984&callbackHistFlg=1,東京駅から一駅♪神田駅西口より徒歩３分！大手町駅も徒歩圏内♪,9720,3.7,186,東京駅から1駅の「神田駅」西口から徒歩3分と一番近いホテル。大手町へも徒歩圏内、神田西口商店街にも近く便利な立地です。都内各所、イベント会場へのアクセスも良好♪,大人1名(税込)
ホテルSUI銀座京橋 by ABEST（旧ホテルアベスト銀座京橋）,https://www.jalan.net/uw/uwp3000/uww3001.do?stayYear=2025&stayMonth=7&stayDay=13&stayCount=1&roomCount=1&adultNum=1&rootCd=081&distCd=02&roomCrack=100000&screenId=UWW1402&yadNo=378075&callbackHistFlg=1,東京駅・銀座まで徒歩圏内★フリードリンク無料★,7600,,0,◆浅草線『宝町駅』A3出口より徒歩30秒★銀座線『京橋駅』1番出口より徒歩2分◆東京駅15分、銀座5分、築地市場18分！！徒歩圏内でビジネス・観光にアクセス便利♪♪,大人1名(税込)
Yotel Tokyo Ginza,https://www.jalan.net/uw/uwp3000/uww3001.do?stayYear=2025&stayMonth=7&stayDay=13&stayCount=1&roomCount=1&adultNum=1&rootCd=081&distCd=02&roomCrack=100000&screenId=UWW1402&yadNo=311633&callbackHistFlg=1,【新橋駅徒歩3分】NewOpen！出張やレジャーに最適なデザインホテル,33880,,0,新橋駅3分、日本初上陸のデザインホテル。オープンしたての清潔感ある客室です。羽田空港や東京駅からアクセス抜群。駐車場あり。毎日ハッピーアワー開催中！1ドリンク注文で1ドリンクプレゼント♪,大人1名(税込)
ホテルリブマックス東京神田駅前,https://www.jalan.net/uw/uwp3000/uww3001.do?stayYear=2025&stayMonth=7&stayDay=13&stayCount=1&roomCount=1&adultNum=1&rootCd=081&distCd=02&roomCrack=100000&screenId=UWW1402&yadNo=365880&callbackHistFlg=1,新日本橋駅6番出口徒歩3分　全室空気清浄機付♪,6460,3.8,170,4路線が最寄り駅で東京駅周辺や新宿副都心・千葉方面へもアクセス良好！ JR線「神田」駅東口/南口から徒歩約3分なので、近隣はコンビニ・飲食店が多数♪ ビジネス・観光・レジャーにぜひご利用下さい！,大人1名(税込)
５４ＪＯＵＲＮＥＹ東京大手町ホステル,https://www.jalan.net/uw/uwp3000/uww3001.do?stayYear=2025&stayMonth=7&stayDay=13&stayCount=1&roomCount=1&adultNum=1&rootCd=081&distCd=02&roomCrack=100000&screenId=UWW1402&yadNo=351850&callbackHistFlg=1,東京駅徒歩圏！ドミトリータイプホステル！大手町駅徒歩５分,3980,,0,東京駅からタクシーで５分で移動可能、格安ホステル 東京駅から９５０ｍ、他にも神田駅４５０ｍや大手町駅５５０ｍとなっており、複数駅が利用でき、駅近で隣にはファミリーマートもございます。,大人1名(税込)
lyf銀座東京（2023/11/30 OPEN）,https://www.jalan.net/uw/uwp3000/uww3001.do?stayYear=2025&stayMonth=7&stayDay=13&stayCount=1&roomCount=1&adultNum=1&rootCd=081&distCd=02&roomCrack=100000&screenId=UWW1402&yadNo=328990&callbackHistFlg=1,次世代のレジャーやビジネストラベラー向けコリビングホテル,14399,,0,銀座、日本橋、八重洲という東京有数の3つの街に囲まれ、世界的に有名な銀座のショッピングエリアへは徒歩圏内！おしゃれなコワーキングラウンジ、キッチン、コインランドリー、カフェなど施設も充実♪,大人1名(税込)
東横ＩＮＮ東京大手町,https://www.jalan.net/uw/uwp3000/uww3001.do?stayYear=2025&stayMonth=7&stayDay=13&stayCount=1&roomCount=1&adultNum=1&rootCd=081&distCd=02&roomCrack=100000&screenId=UWW1402&yadNo=398668&callbackHistFlg=1,★おかえりなさいませ★清潔なお部屋をご用意、朝食無料サービス★,11550,4.1,20,★東京駅へも徒歩約15分ほどでお土産購入などの買い物も便利★ ★皇居散策おススメです！ランニングの人気スポットです★,大人1名(税込)
ＵＮＤＥＲ　ＲＡＩＬＷＡＹ　ＨＯＴＥＬ　ＡＫＩＨＡＢＡＲＡ,https://www.jalan.net/uw/uwp3000/uww3001.do?stayYear=2025&stayMonth=7&stayDay=13&stayCount=1&roomCount=1&adultNum=1&rootCd=081&distCd=02&roomCrack=100000&screenId=UWW1402&yadNo=362608&callbackHistFlg=1,サブカルチャーの拠点・秋葉原電気街の喧騒を抜け心地よい隠れ家へ,25500,,0,2019年、JR高架下にオープンした大人の秘密基地。 最寄り駅徒歩３分の好立地で観光もビジネスも快適に。 周辺には秋葉原のエンタメが満載。 ※全客室で電車の走行音が聞こえます。予めご了承ください。,大人1名(税込)
Ｈｏｔａｋｕ　ＨＯＴＥＬ,https://www.jalan.net/uw/uwp3000/uww3001.do?rootCd=081&distCd=02&roomCrack=100000&stayYear=2025&stayMonth=7&stayDay=13&stayCount=1&roomCount=1&adultNum=1&screenId=UWW1402&yadNo=374753&callbackHistFlg=1,ゆったりとくつろげる広々とした空間をお客様に！,9800,,0,Hotakuならではの新感覚の宿泊体験をしてみませんか？ 広々としたお部屋（16㎡～26㎡）！全室バス・トイレ別の快適な空間です♪♪,大人1名(税込)
ナインアワーズウーマン神田,https://www.jalan.net/uw/uwp3000/uww3001.do?rootCd=081&distCd=02&roomCrack=100000&stayYear=2025&stayMonth=7&stayDay=13&stayCount=1&roomCount=1&adultNum=1&screenId=UWW1402&yadNo=300913&callbackHistFlg=1,神田駅東口1分、女性専用フロア,4714,3.7,294,東京至近、高速WiFi、１4時チェックインでビジネス・観光の拠点に！,大人1名(税込)
相鉄フレッサイン東京神田,https://www.jalan.net/uw/uwp3000/uww3001.do?rootCd=081&distCd=02&roomCrack=100000&stayYear=2025&stayMonth=7&stayDay=13&stayCount=1&roomCount=1&adultNum=1&screenId=UWW1402&yadNo=385628&callbackHistFlg=1,体感！全室浄水のやさしいお水と静かなお部屋♪インスタ始めました,9720,3.7,225,◎駅前から少し離れた閑静な立地　　 ◎大通り沿いで安心　　　　　　　　 ◎コンビニ隣接で便利　　　　　　　 ◎デザイナーズホテル,大人1名(税込)
ホテルリブマックス東京神田ＥＡＳＴ,https://www.jalan.net/uw/uwp3000/uww3001.do?rootCd=081&distCd=02&roomCrack=100000&stayYear=2025&stayMonth=7&stayDay=13&stayCount=1&roomCount=1&adultNum=1&screenId=UWW1402&yadNo=336393&callbackHistFlg=1,神田駅東口徒歩5分！,5220,3.4,175,"【期間限定！デリバリーアプリmenu総額2,400円分クーポンを初回限定で配布中】秋葉原まで徒歩圏内！浅草・渋谷・新宿にも乗換無し♪加湿機能付空気清浄機導入♪充実のルームアイテム採用！！",大人1名(税込)
からくさホテル　ＴＯＫＹＯ　ＳＴＡＴＩＯＮ,https://www.jalan.net/uw/uwp3000/uww3001.do?rootCd=081&distCd=02&roomCrack=100000&stayYear=2025&stayMonth=7&stayDay=13&stayCount=1&roomCount=1&adultNum=1&screenId=UWW1402&yadNo=340088&callbackHistFlg=1,JR東京駅から約5分の好立地ホテル,28900,3.5,106,新幹線をはじめ全国の主要鉄道網の中核となるJR東京駅から約5分の好立地。各バスターミナルにも近く、旅の拠点に大変便利なロケーションです。緑あふれる皇居や老舗が軒を連ねる日本橋も徒歩圏内です。,大人1名(税込)
ヴィラフォンテーヌ東京大手町｜住友不動産,https://www.jalan.net/uw/uwp3000/uww3001.do?rootCd=081&distCd=02&roomCrack=100000&stayYear=2025&stayMonth=7&stayDay=13&stayCount=1&roomCount=1&adultNum=1&screenId=UWW1402&yadNo=365524&callbackHistFlg=1,JR神田駅徒歩5分・大手町駅徒歩6分◆最上階45㎡客室リニューアル◆,10100,3.0,695,JR神田駅徒歩5分、東京メトロ大手町駅徒歩6分。東京駅までも徒歩圏内。2023年4月～パン・コーヒー・スープ・サラダの新朝食スタート。最上階客室2023年リニューアル◆綺麗なお部屋で癒しの時間を。,大人1名(税込)
サクラホテル神保町,https://www.jalan.net/uw/uwp3000/uww3001.do?rootCd=081&distCd=02&roomCrack=100000&stayYear=2025&stayMonth=7&stayDay=13&stayCount=1&roomCount=1&adultNum=1&screenId=UWW1402&yadNo=324447&callbackHistFlg=1,バックパッカー集う国際色豊かでアットホームな宿！,3420,2.3,103,世界有数の書店街、神保町にあるホテル。 東京ドーム（15分）や武道館（10分）も徒歩圏内。東京駅、新宿、渋谷、浅草、秋葉原すべて電車で15分ほどで到着可能。東京の中心地にあるホテルです。,大人1名(税込)
